dir_name,step,final_accuracy
6,887,0.6658999919891357
3,922,0.6632000207901001
2,815,0.6470000147819519
7,548,0.6299999952316284
1,914,0.6033999919891357
0,271,0.2003999948501587
5,65,0.10000000149011612
4,86,0.10000000149011612
