dir_name,step,final_accuracy
1,904,0.675000011920929
4,826,0.669700026512146
6,890,0.6633999943733215
0,922,0.6632000207901001
3,979,0.6593000292778015
5,642,0.5945000052452087
2,144,0.10010000318288803
