dir_name,step,final_accuracy
34,914,0.6033999919891357
20,799,0.6025000214576721
17,499,0.5791000127792358
19,499,0.5758000016212463
18,446,0.5491999983787537
9,456,0.54339998960495
10,507,0.5109000205993652
