dir_name,step,final_accuracy
Baseline,499,0.85589998960495
Best MMF,904,0.675000011920929
