dir_name,step,final_accuracy
Baseline,499,4.999999873689376e-05
Best MMF,904,2.999999892949745e-08
