dir_name,step,final_accuracy
6,931,0.6421999931335449
5,911,0.6334999799728394
4,906,0.6111000180244446
3,914,0.6033999919891357
0,1033,0.53329998254776
2,594,0.5310999751091003
1,838,0.525600016117096
