dir_name,step,final_accuracy
42,499,0.85589998960495
33,308,0.840399980545044
17,298,0.8008999824523926
3,207,0.7885000109672546
1,234,0.7784000039100647
0,350,0.46309998631477356
24,279,0.10000000149011612
27,297,0.10000000149011612
7,100,0.10000000149011612
